{"A1": 142008.41155307143, "\u03c91": 0.009984096281106532, "\u03c61": -2.0971688436084444, "A2": 152789.7160145364, "\u03c92": 0.016524800865602332, "\u03c62": 0.5185798980663711, "A3": 112896.36887601795, "\u03c93": 0.02234508359919635, "\u03c63": -3.139661119259822, "C": 95355.43979697119, "decay": 0.0021283204418618986, "series_len": 559, "last_date": "2021-08-11 00:00:00"}