{
    "alpha": 0.999,
    "beta": 0.001,
    "gamma": 0.7632491767205223,
    "season_length": 7,
    "level": 41305.53911515953,
    "trend": 14.465674144641454,
    "seasonals": [
        1.4431668969140983,
        1.828461588326949,
        1.8784624814092614,
        1.2679842630145235,
        0.9279173346585339,
        1.7698953806086928,
        1.9712715130158607
    ],
    "series_len": 559,
    "last_date": "2021-08-11 00:00:00"
}